Moscow,New-York
Moscow,Frankfurt
Moscow,Washington
Moscow,London
Moscow,Paris
Moscow,Tokyo
Moscow,Tashkent
Moscow,Istanbul
Moscow,Helsinki
Moscow,Rome
Moscow,Miami
Moscow,Zurick
New-York,Moscow
New-York,Frankfurt
New-York,Washington
New-York,Nashville
New-York,London
New-York,Portland
New-York,San-Francisco
New-York,Paris
New-York,Tokyo
New-York,Chicago
New-York,Istanbul
New-York,Helsinki
New-York,Honolulu
New-York,Rome
New-York,Miami
New-York,Zurick
Frankfurt,Moscow
Frankfurt,New-York
Frankfurt,Washington
Frankfurt,London
Frankfurt,Portland
Frankfurt,San-Francisco
Frankfurt,Paris
Frankfurt,Tokyo
Frankfurt,Chicago
Frankfurt,Istanbul
Frankfurt,Helsinki
Frankfurt,Rome
Frankfurt,Miami
Frankfurt,Zurick
Washington,Moscow
Washington,New-York
Washington,Frankfurt
Washington,Nashville
Washington,London
Washington,Portland
Washington,San-Francisco
Washington,Paris
Washington,Tokyo
Washington,Chicago
Washington,Istanbul
Washington,Helsinki
Washington,Honolulu
Washington,Rome
Washington,Miami
Washington,Zurick
Nashville,New-York
Nashville,Washington
Nashville,London
Nashville,Portland
Nashville,San-Francisco
Nashville,Tokyo
Nashville,Chicago
Nashville,Miami
London,Moscow
London,New-York
London,Frankfurt
London,Washington
London,Nashville
London,Portland
London,San-Francisco
London,Paris
London,Tokyo
London,Chicago
London,Istanbul
London,Helsinki
London,Rome
London,Miami
London,Zurick
Portland,New-York
Portland,Frankfurt
Portland,Washington
Portland,San-Francisco
Portland,Chicago
Portland,Honolulu
Portland,Miami
San-Francisco,New-York
San-Francisco,Frankfurt
San-Francisco,Washington
San-Francisco,Nashville
San-Francisco,London
San-Francisco,Portland
San-Francisco,Paris
San-Francisco,Tokyo
San-Francisco,Chicago
San-Francisco,Istanbul
San-Francisco,Helsinki
San-Francisco,Honolulu
San-Francisco,Rome
San-Francisco,Miami
San-Francisco,Zurick
Paris,Moscow
Paris,New-York
Paris,Frankfurt
Paris,Washington
Paris,London
Paris,San-Francisco
Paris,Tokyo
Paris,Chicago
Paris,Istanbul
Paris,Helsinki
Paris,Rome
Paris,Miami
Paris,Zurick
Tokyo,Moscow
Tokyo,New-York
Tokyo,Frankfurt
Tokyo,Washington
Tokyo,London
Tokyo,Portland
Tokyo,San-Francisco
Tokyo,Paris
Tokyo,Chicago
Tokyo,Istanbul
Tokyo,Helsinki
Tokyo,Rome
Tokyo,Miami
Tokyo,Zurick
Tashkent,Moscow
Tashkent,Istanbul
Chicago,New-York
Chicago,Frankfurt
Chicago,Washington
Chicago,Nashville
Chicago,London
Chicago,Portland
Chicago,San-Francisco
Chicago,Paris
Chicago,Tokyo
Chicago,Istanbul
Chicago,Helsinki
Chicago,Honolulu
Chicago,Rome
Chicago,Miami
Chicago,Zurick
Istanbul,Moscow
Istanbul,New-York
Istanbul,Frankfurt
Istanbul,Washington
Istanbul,London
Istanbul,San-Francisco
Istanbul,Paris
Istanbul,Tokyo
Istanbul,Tashkent
Istanbul,Chicago
Istanbul,Helsinki
Istanbul,Rome
Istanbul,Miami
Istanbul,Zurick
Helsinki,Moscow
Helsinki,New-York
Helsinki,Frankfurt
Helsinki,Washington
Helsinki,London
Helsinki,San-Francisco
Helsinki,Paris
Helsinki,Tokyo
Helsinki,Chicago
Helsinki,Istanbul
Helsinki,Rome
Helsinki,Miami
Helsinki,Zurick
Honolulu,New-York
Honolulu,Washington
Honolulu,Portland
Honolulu,San-Francisco
Honolulu,Chicago
Honolulu,Miami
Rome,Moscow
Rome,New-York
Rome,Frankfurt
Rome,Washington
Rome,London
Rome,San-Francisco
Rome,Paris
Rome,Tokyo
Rome,Chicago
Rome,Istanbul
Rome,Helsinki
Rome,Miami
Rome,Zurick
Managua,Miami
Miami,Moscow
Miami,New-York
Miami,Frankfurt
Miami,Washington
Miami,Nashville
Miami,London
Miami,Portland
Miami,San-Francisco
Miami,Paris
Miami,Tokyo
Miami,Chicago
Miami,Istanbul
Miami,Helsinki
Miami,Rome
Miami,Managua
Miami,Zurick
Zurick,Moscow
Zurick,New-York
Zurick,Frankfurt
Zurick,Washington
Zurick,London
Zurick,San-Francisco
Zurick,Paris
Zurick,Tokyo
Zurick,Chicago
Zurick,Istanbul
Zurick,Helsinki
Zurick,Rome
Zurick,Miami
